{
  "Scripts": [
    {
      "Title": "SwordMan",
      "Script": "A soldier who uses Sword. \nATK : 20",
      "Price": 16
    },
    {
      "Title": "Knight",
      "Script": "A soldier who uses Sword. \nATK : 20",
      "Price": 18
    },
    {
      "Title": "Archer",
      "Script": "A soldier who shoots Arrow. \nATK : 30",
      "Price": 20
    },
    {
      "Title": "Lancer",
      "Script": "A soldier who uses Lance. \nATK : 25",
      "Price": 19
    },
    {
      "Title": "Halberdier",
      "Script": "A soldier who uses Halberd. \nATK : 30",
      "Price": 25
    },
    {
      "Title": "Priest",
      "Script": "A soldier who can uses Heal \nHeal Amount : 5",
      "Price": 30
    },
    {
      "Title": "Developing...",
      "Script": "",
      "Price": 0
    }
  ]
}